{"count":1,"self":986.4415232,"total":13537.467493,"children":{"InitializeActuators":{"count":20,"self":0.0033889999999999997,"total":0.0033889999999999997,"children":null},"InitializeSensors":{"count":20,"self":0.0021019999999999997,"total":0.0021019999999999997,"children":null},"AgentSendState":{"count":51001,"self":0.56913799999999992,"total":2.71716,"children":{"CollectObservations":{"count":102020,"self":0.504803,"total":0.504803,"children":null},"WriteActionMask":{"count":102020,"self":0.135172,"total":0.135172,"children":null},"RequestDecision":{"count":102020,"self":0.315944,"total":1.508047,"children":{"AgentInfo.ToProto":{"count":102020,"self":0.370013,"total":1.192103,"children":{"GenerateSensorData":{"count":102020,"self":0.82209,"total":0.82209,"children":null}}}}}}},"DecideAction":{"count":51001,"self":12546.6624,"total":12546.66274,"children":null},"AgentAct":{"count":51001,"self":1.624366,"total":1.635796,"children":{"AgentInfo.ToProto":{"count":1020,"self":0.0035299999999999997,"total":0.01143,"children":{"GenerateSensorData":{"count":1020,"self":0.007899999999999999,"total":0.007899999999999999,"children":null}}}}}},"gauges":{"HandAgent.CumulativeReward":{"count":1020,"max":31.7000847,"min":0,"runningAverage":3.023822,"value":0.2,"weightedAverage":2.81380439}},"metadata":{"timer_format_version":"0.1.0","start_time_seconds":"1723651870","unity_version":"2022.3.36f1","command_line_arguments":"\/root\/DDPG\/DDPG_MMC\/robotics_reaching_executable_linux_no_log\/robotics_reaching_exe_linux.x86_64 --mlagents-port 5006","communication_protocol_version":"1.5.0","com.unity.ml-agents_version":"2.0.1","scene_name":"HandAgent","end_time_seconds":"1723665407"}}