{"count":1,"self":13.3126112,"total":243.74326399999998,"children":{"InitializeActuators":{"count":20,"self":0.0032519999999999997,"total":0.0032519999999999997,"children":null},"InitializeSensors":{"count":20,"self":0.002156,"total":0.002156,"children":null},"AgentSendState":{"count":9272,"self":0.215368,"total":1.187451,"children":{"CollectObservations":{"count":18580,"self":0.24984599999999998,"total":0.24984599999999998,"children":null},"WriteActionMask":{"count":18580,"self":0.047140999999999995,"total":0.047140999999999995,"children":null},"RequestDecision":{"count":18580,"self":0.153248,"total":0.67509599999999992,"children":{"AgentInfo.ToProto":{"count":18580,"self":0.18536899999999998,"total":0.521848,"children":{"GenerateSensorData":{"count":18580,"self":0.336479,"total":0.336479,"children":null}}}}}}},"DecideAction":{"count":9272,"self":13.033817599999999,"total":13.033818,"children":null},"AgentAct":{"count":9272,"self":216.1941248,"total":216.201374,"children":{"AgentInfo.ToProto":{"count":180,"self":0.003379,"total":0.007258,"children":{"GenerateSensorData":{"count":180,"self":0.0038789999999999996,"total":0.0038789999999999996,"children":null}}}}}},"gauges":{"HandAgent.CumulativeReward":{"count":180,"max":40.5999527,"min":0,"runningAverage":7.91056871,"value":0.3,"weightedAverage":3.02492714}},"metadata":{"timer_format_version":"0.1.0","start_time_seconds":"1722461787","unity_version":"2022.3.36f1","command_line_arguments":"\/root\/DDPG\/DDPG_MMC\/robotics_reaching_executable_linux_no_log\/robotics_reaching_exe_linux.x86_64 --mlagents-port 5005","communication_protocol_version":"1.5.0","com.unity.ml-agents_version":"2.0.1","scene_name":"HandAgent","end_time_seconds":"1722462031"}}